{
  "name": "unnamed_trajectory",
  "waypoints": [
    {
      "x": 0.29955357142857153,
      "y": 0.3158928571428572,
      "speed": 1.0
    },
    {
      "x": 0.2886607142857144,
      "y": 2.804910714285714,
      "speed": 1.0
    },
    {
      "x": 2.1731249999999998,
      "y": 2.826696428571428,
      "speed": 1.0
    },
    {
      "x": 2.184017857142857,
      "y": 0.3158928571428572,
      "speed": 1.0
    }
  ]
}